{
	"mapZoom": 13,
	"markerAddress": "38.7825729,-105.2101168",
	"offsetX": 100,
	"offsetY": 10
}
