{
	"mapZoom": 13,
	"markerAddress": "39.726012, -104.221213",
	"offsetX": 100,
	"offsetY": 10
}
